{"movie_url": "http://www.imdb.com/title/tt0108052/reviews?ref_=tt_urv"},
{"movie_url": "http://www.imdb.com/title/tt0110912/reviews?ref_=tt_urv"},
{"movie_url": "http://www.imdb.com/title/tt0111161/reviews?ref_=tt_urv"},
{"movie_url": "http://www.imdb.com/title/tt0167260/reviews?ref_=tt_urv"},
{"movie_url": "http://www.imdb.com/title/tt0050083/reviews?ref_=tt_urv"},
{"movie_url": "http://www.imdb.com/title/tt0468569/reviews?ref_=tt_urv"},
{"movie_url": "http://www.imdb.com/title/tt0071562/reviews?ref_=tt_urv"},
{"movie_url": "http://www.imdb.com/title/tt0068646/reviews?ref_=tt_urv"},
{"movie_url": "http://www.imdb.com/title/tt0137523/reviews?ref_=tt_urv"},
{"movie_url": "http://www.imdb.com/title/tt0080684/reviews?ref_=tt_urv"},
{"movie_url": "http://www.imdb.com/title/tt0120737/reviews?ref_=tt_urv"},
{"movie_url": "http://www.imdb.com/title/tt0109830/reviews?ref_=tt_urv"},
{"movie_url": "http://www.imdb.com/title/tt1375666/reviews?ref_=tt_urv"},
{"movie_url": "http://www.imdb.com/title/tt0060196/reviews?ref_=tt_urv"},
{"movie_url": "http://www.imdb.com/title/tt0167261/reviews?ref_=tt_urv"},
{"movie_url": "http://www.imdb.com/title/tt0073486/reviews?ref_=tt_urv"},
{"movie_url": "http://www.imdb.com/title/tt0099685/reviews?ref_=tt_urv"},
{"movie_url": "http://www.imdb.com/title/tt0317248/reviews?ref_=tt_urv"},
{"movie_url": "http://www.imdb.com/title/tt0133093/reviews?ref_=tt_urv"},
{"movie_url": "http://www.imdb.com/title/tt0047478/reviews?ref_=tt_urv"},
{"movie_url": "http://www.imdb.com/title/tt0102926/reviews?ref_=tt_urv"},
{"movie_url": "http://www.imdb.com/title/tt0114369/reviews?ref_=tt_urv"},
{"movie_url": "http://www.imdb.com/title/tt0076759/reviews?ref_=tt_urv"},
{"movie_url": "http://www.imdb.com/title/tt0038650/reviews?ref_=tt_urv"},
{"movie_url": "http://www.imdb.com/title/tt0110413/reviews?ref_=tt_urv"},
{"movie_url": "http://www.imdb.com/title/tt0114814/reviews?ref_=tt_urv"},
{"movie_url": "http://www.imdb.com/title/tt0245429/reviews?ref_=tt_urv"},
{"movie_url": "http://www.imdb.com/title/tt0118799/reviews?ref_=tt_urv"},
{"movie_url": "http://www.imdb.com/title/tt0064116/reviews?ref_=tt_urv"},
{"movie_url": "http://www.imdb.com/title/tt0120815/reviews?ref_=tt_urv"},
{"movie_url": "http://www.imdb.com/title/tt0816692/reviews?ref_=tt_urv"},
{"movie_url": "http://www.imdb.com/title/tt0120586/reviews?ref_=tt_urv"},
{"movie_url": "http://www.imdb.com/title/tt0034583/reviews?ref_=tt_urv"},
{"movie_url": "http://www.imdb.com/title/tt0120689/reviews?ref_=tt_urv"},
{"movie_url": "http://www.imdb.com/title/tt0054215/reviews?ref_=tt_urv"},
{"movie_url": "http://www.imdb.com/title/tt0082971/reviews?ref_=tt_urv"},
{"movie_url": "http://www.imdb.com/title/tt1675434/reviews?ref_=tt_urv"},
{"movie_url": "http://www.imdb.com/title/tt0021749/reviews?ref_=tt_urv"},
{"movie_url": "http://www.imdb.com/title/tt0027977/reviews?ref_=tt_urv"},
{"movie_url": "http://www.imdb.com/title/tt0047396/reviews?ref_=tt_urv"},
{"movie_url": "http://www.imdb.com/title/tt0103064/reviews?ref_=tt_urv"},
{"movie_url": "http://www.imdb.com/title/tt0088763/reviews?ref_=tt_urv"},
{"movie_url": "http://www.imdb.com/title/tt0407887/reviews?ref_=tt_urv"},
{"movie_url": "http://www.imdb.com/title/tt0253474/reviews?ref_=tt_urv"},
{"movie_url": "http://www.imdb.com/title/tt0209144/reviews?ref_=tt_urv"},
{"movie_url": "http://www.imdb.com/title/tt2582802/reviews?ref_=tt_urv"},
{"movie_url": "http://www.imdb.com/title/tt0078788/reviews?ref_=tt_urv"},
{"movie_url": "http://www.imdb.com/title/tt0482571/reviews?ref_=tt_urv"},
{"movie_url": "http://www.imdb.com/title/tt0172495/reviews?ref_=tt_urv"},
{"movie_url": "http://www.imdb.com/title/tt0057012/reviews?ref_=tt_urv"},
{"movie_url": "http://www.imdb.com/title/tt0078748/reviews?ref_=tt_urv"},
{"movie_url": "http://www.imdb.com/title/tt0032553/reviews?ref_=tt_urv"},
{"movie_url": "http://www.imdb.com/title/tt0110357/reviews?ref_=tt_urv"},
{"movie_url": "http://www.imdb.com/title/tt0043014/reviews?ref_=tt_urv"},
{"movie_url": "http://www.imdb.com/title/tt0405094/reviews?ref_=tt_urv"},
{"movie_url": "http://www.imdb.com/title/tt0095765/reviews?ref_=tt_urv"},
{"movie_url": "http://www.imdb.com/title/tt0050825/reviews?ref_=tt_urv"},
{"movie_url": "http://www.imdb.com/title/tt1853728/reviews?ref_=tt_urv"},
{"movie_url": "http://www.imdb.com/title/tt0095327/reviews?ref_=tt_urv"},
{"movie_url": "http://www.imdb.com/title/tt0910970/reviews?ref_=tt_urv"},
{"movie_url": "http://www.imdb.com/title/tt1345836/reviews?ref_=tt_urv"},
{"movie_url": "http://www.imdb.com/title/tt0081505/reviews?ref_=tt_urv"},
{"movie_url": "http://www.imdb.com/title/tt0119698/reviews?ref_=tt_urv"},
{"movie_url": "http://www.imdb.com/title/tt0090605/reviews?ref_=tt_urv"},
{"movie_url": "http://www.imdb.com/title/tt0169547/reviews?ref_=tt_urv"},
{"movie_url": "http://www.imdb.com/title/tt0364569/reviews?ref_=tt_urv"},
{"movie_url": "http://www.imdb.com/title/tt0087843/reviews?ref_=tt_urv"},
{"movie_url": "http://www.imdb.com/title/tt0033467/reviews?ref_=tt_urv"},
{"movie_url": "http://www.imdb.com/title/tt0051201/reviews?ref_=tt_urv"},
{"movie_url": "http://www.imdb.com/title/tt0082096/reviews?ref_=tt_urv"},
{"movie_url": "http://www.imdb.com/title/tt0052357/reviews?ref_=tt_urv"},
{"movie_url": "http://www.imdb.com/title/tt0053125/reviews?ref_=tt_urv"},
{"movie_url": "http://www.imdb.com/title/tt0086190/reviews?ref_=tt_urv"},
{"movie_url": "http://www.imdb.com/title/tt0022100/reviews?ref_=tt_urv"},
{"movie_url": "http://www.imdb.com/title/tt0112573/reviews?ref_=tt_urv"},
{"movie_url": "http://www.imdb.com/title/tt0211915/reviews?ref_=tt_urv"},
{"movie_url": "http://www.imdb.com/title/tt0105236/reviews?ref_=tt_urv"},
{"movie_url": "http://www.imdb.com/title/tt0056172/reviews?ref_=tt_urv"},
{"movie_url": "http://www.imdb.com/title/tt0075314/reviews?ref_=tt_urv"},
{"movie_url": "http://www.imdb.com/title/tt0180093/reviews?ref_=tt_urv"},
{"movie_url": "http://www.imdb.com/title/tt0066921/reviews?ref_=tt_urv"},
{"movie_url": "http://www.imdb.com/title/tt0036775/reviews?ref_=tt_urv"},
{"movie_url": "http://www.imdb.com/title/tt0056592/reviews?ref_=tt_urv"},
{"movie_url": "http://www.imdb.com/title/tt0986264/reviews?ref_=tt_urv"},
{"movie_url": "http://www.imdb.com/title/tt0338013/reviews?ref_=tt_urv"},
{"movie_url": "http://www.imdb.com/title/tt0476735/reviews?ref_=tt_urv"},
{"movie_url": "http://www.imdb.com/title/tt0086879/reviews?ref_=tt_urv"},
{"movie_url": "http://www.imdb.com/title/tt0093058/reviews?ref_=tt_urv"},
{"movie_url": "http://www.imdb.com/title/tt2119532/reviews?ref_=tt_urv"},
{"movie_url": "http://www.imdb.com/title/tt0435761/reviews?ref_=tt_urv"},
{"movie_url": "http://www.imdb.com/title/tt0070735/reviews?ref_=tt_urv"},
{"movie_url": "http://www.imdb.com/title/tt0040522/reviews?ref_=tt_urv"},
{"movie_url": "http://www.imdb.com/title/tt0062622/reviews?ref_=tt_urv"},
{"movie_url": "http://www.imdb.com/title/tt0114709/reviews?ref_=tt_urv"},
{"movie_url": "http://www.imdb.com/title/tt0208092/reviews?ref_=tt_urv"},
{"movie_url": "http://www.imdb.com/title/tt0045152/reviews?ref_=tt_urv"},
{"movie_url": "http://www.imdb.com/title/tt0012349/reviews?ref_=tt_urv"},
{"movie_url": "http://www.imdb.com/title/tt0071853/reviews?ref_=tt_urv"},
{"movie_url": "http://www.imdb.com/title/tt0059578/reviews?ref_=tt_urv"},
{"movie_url": "http://www.imdb.com/title/tt0361748/reviews?ref_=tt_urv"},
{"movie_url": "http://www.imdb.com/title/tt0119488/reviews?ref_=tt_urv"},
{"movie_url": "http://www.imdb.com/title/tt1187043/reviews?ref_=tt_urv"},
{"movie_url": "http://www.imdb.com/title/tt0086250/reviews?ref_=tt_urv"},
{"movie_url": "http://www.imdb.com/title/tt0042876/reviews?ref_=tt_urv"},
{"movie_url": "http://www.imdb.com/title/tt0053604/reviews?ref_=tt_urv"},
{"movie_url": "http://www.imdb.com/title/tt2543164/reviews?ref_=tt_urv"},
{"movie_url": "http://www.imdb.com/title/tt2106476/reviews?ref_=tt_urv"},
{"movie_url": "http://www.imdb.com/title/tt0097576/reviews?ref_=tt_urv"},
{"movie_url": "http://www.imdb.com/title/tt0119217/reviews?ref_=tt_urv"},
{"movie_url": "http://www.imdb.com/title/tt1832382/reviews?ref_=tt_urv"},
{"movie_url": "http://www.imdb.com/title/tt0042192/reviews?ref_=tt_urv"},
{"movie_url": "http://www.imdb.com/title/tt0055630/reviews?ref_=tt_urv"},
{"movie_url": "http://www.imdb.com/title/tt0017136/reviews?ref_=tt_urv"},
{"movie_url": "http://www.imdb.com/title/tt0363163/reviews?ref_=tt_urv"},
{"movie_url": "http://www.imdb.com/title/tt0372784/reviews?ref_=tt_urv"},
{"movie_url": "http://www.imdb.com/title/tt1049413/reviews?ref_=tt_urv"},
{"movie_url": "http://www.imdb.com/title/tt0053291/reviews?ref_=tt_urv"},
{"movie_url": "http://www.imdb.com/title/tt0081398/reviews?ref_=tt_urv"},
{"movie_url": "http://www.imdb.com/title/tt0105695/reviews?ref_=tt_urv"},
{"movie_url": "http://www.imdb.com/title/tt0041959/reviews?ref_=tt_urv"},
{"movie_url": "http://www.imdb.com/title/tt0040897/reviews?ref_=tt_urv"},
{"movie_url": "http://www.imdb.com/title/tt0118849/reviews?ref_=tt_urv"},
{"movie_url": "http://www.imdb.com/title/tt0113277/reviews?ref_=tt_urv"},
{"movie_url": "http://www.imdb.com/title/tt0057115/reviews?ref_=tt_urv"},
{"movie_url": "http://www.imdb.com/title/tt0095016/reviews?ref_=tt_urv"},
{"movie_url": "http://www.imdb.com/title/tt0071315/reviews?ref_=tt_urv"},
{"movie_url": "http://www.imdb.com/title/tt0044741/reviews?ref_=tt_urv"},
{"movie_url": "http://www.imdb.com/title/tt0457430/reviews?ref_=tt_urv"},
{"movie_url": "http://www.imdb.com/title/tt2096673/reviews?ref_=tt_urv"},
{"movie_url": "http://www.imdb.com/title/tt0096283/reviews?ref_=tt_urv"},
{"movie_url": "http://www.imdb.com/title/tt3170832/reviews?ref_=tt_urv"},
{"movie_url": "http://www.imdb.com/title/tt0015864/reviews?ref_=tt_urv"},
{"movie_url": "http://www.imdb.com/title/tt0089881/reviews?ref_=tt_urv"},
{"movie_url": "http://www.imdb.com/title/tt0047296/reviews?ref_=tt_urv"},
{"movie_url": "http://www.imdb.com/title/tt0050212/reviews?ref_=tt_urv"},
{"movie_url": "http://www.imdb.com/title/tt1305806/reviews?ref_=tt_urv"},
{"movie_url": "http://www.imdb.com/title/tt0083658/reviews?ref_=tt_urv"},
{"movie_url": "http://www.imdb.com/title/tt0031679/reviews?ref_=tt_urv"},
{"movie_url": "http://www.imdb.com/title/tt1280558/reviews?ref_=tt_urv"},
{"movie_url": "http://www.imdb.com/title/tt0050976/reviews?ref_=tt_urv"},
{"movie_url": "http://www.imdb.com/title/tt0120735/reviews?ref_=tt_urv"},
{"movie_url": "http://www.imdb.com/title/tt0112641/reviews?ref_=tt_urv"},
{"movie_url": "http://www.imdb.com/title/tt0116231/reviews?ref_=tt_urv"},
{"movie_url": "http://www.imdb.com/title/tt0055031/reviews?ref_=tt_urv"},
{"movie_url": "http://www.imdb.com/title/tt0347149/reviews?ref_=tt_urv"},
{"movie_url": "http://www.imdb.com/title/tt0268978/reviews?ref_=tt_urv"},
{"movie_url": "http://www.imdb.com/title/tt1255953/reviews?ref_=tt_urv"},
{"movie_url": "http://www.imdb.com/title/tt0050986/reviews?ref_=tt_urv"},
{"movie_url": "http://www.imdb.com/title/tt0017925/reviews?ref_=tt_urv"},
{"movie_url": "http://www.imdb.com/title/tt1291584/reviews?ref_=tt_urv"},
{"movie_url": "http://www.imdb.com/title/tt0080678/reviews?ref_=tt_urv"},
{"movie_url": "http://www.imdb.com/title/tt0109117/reviews?ref_=tt_urv"},
{"movie_url": "http://www.imdb.com/title/tt0434409/reviews?ref_=tt_urv"},
{"movie_url": "http://www.imdb.com/title/tt0993846/reviews?ref_=tt_urv"},
{"movie_url": "http://www.imdb.com/title/tt0018455/reviews?ref_=tt_urv"},
{"movie_url": "http://www.imdb.com/title/tt0242519/reviews?ref_=tt_urv"},
{"movie_url": "http://www.imdb.com/title/tt0405508/reviews?ref_=tt_urv"},
{"movie_url": "http://www.imdb.com/title/tt1205489/reviews?ref_=tt_urv"},
{"movie_url": "http://www.imdb.com/title/tt0019254/reviews?ref_=tt_urv"},
{"movie_url": "http://www.imdb.com/title/tt0118715/reviews?ref_=tt_urv"},
{"movie_url": "http://www.imdb.com/title/tt0046912/reviews?ref_=tt_urv"},
{"movie_url": "http://www.imdb.com/title/tt0046438/reviews?ref_=tt_urv"},
{"movie_url": "http://www.imdb.com/title/tt0073707/reviews?ref_=tt_urv"},
{"movie_url": "http://www.imdb.com/title/tt0077416/reviews?ref_=tt_urv"},
{"movie_url": "http://www.imdb.com/title/tt0374887/reviews?ref_=tt_urv"},
{"movie_url": "http://www.imdb.com/title/tt0031381/reviews?ref_=tt_urv"},
{"movie_url": "http://www.imdb.com/title/tt0117951/reviews?ref_=tt_urv"},
{"movie_url": "http://www.imdb.com/title/tt0116282/reviews?ref_=tt_urv"},
{"movie_url": "http://www.imdb.com/title/tt0266543/reviews?ref_=tt_urv"},
{"movie_url": "http://www.imdb.com/title/tt0167404/reviews?ref_=tt_urv"},
{"movie_url": "http://www.imdb.com/title/tt0892769/reviews?ref_=tt_urv"},
{"movie_url": "http://www.imdb.com/title/tt0084787/reviews?ref_=tt_urv"},
{"movie_url": "http://www.imdb.com/title/tt0032976/reviews?ref_=tt_urv"},
{"movie_url": "http://www.imdb.com/title/tt0061512/reviews?ref_=tt_urv"},
{"movie_url": "http://www.imdb.com/title/tt0477348/reviews?ref_=tt_urv"},
{"movie_url": "http://www.imdb.com/title/tt0758758/reviews?ref_=tt_urv"},
{"movie_url": "http://www.imdb.com/title/tt0978762/reviews?ref_=tt_urv"},
{"movie_url": "http://www.imdb.com/title/tt0266697/reviews?ref_=tt_urv"},
{"movie_url": "http://www.imdb.com/title/tt0091251/reviews?ref_=tt_urv"},
{"movie_url": "http://www.imdb.com/title/tt2267998/reviews?ref_=tt_urv"},
{"movie_url": "http://www.imdb.com/title/tt0469494/reviews?ref_=tt_urv"},
{"movie_url": "http://www.imdb.com/title/tt0079470/reviews?ref_=tt_urv"},
{"movie_url": "http://www.imdb.com/title/tt2488496/reviews?ref_=tt_urv"},
{"movie_url": "http://www.imdb.com/title/tt0025316/reviews?ref_=tt_urv"},
{"movie_url": "http://www.imdb.com/title/tt0395169/reviews?ref_=tt_urv"},
{"movie_url": "http://www.imdb.com/title/tt1979320/reviews?ref_=tt_urv"},
{"movie_url": "http://www.imdb.com/title/tt0091763/reviews?ref_=tt_urv"},
{"movie_url": "http://www.imdb.com/title/tt1130884/reviews?ref_=tt_urv"},
{"movie_url": "http://www.imdb.com/title/tt0074958/reviews?ref_=tt_urv"},
{"movie_url": "http://www.imdb.com/title/tt0046268/reviews?ref_=tt_urv"},
{"movie_url": "http://www.imdb.com/title/tt0050783/reviews?ref_=tt_urv"},
{"movie_url": "http://www.imdb.com/title/tt3748528/reviews?ref_=tt_urv"},
{"movie_url": "http://www.imdb.com/title/tt1895587/reviews?ref_=tt_urv"},
{"movie_url": "http://www.imdb.com/title/tt0092005/reviews?ref_=tt_urv"},
{"movie_url": "http://www.imdb.com/title/tt0064115/reviews?ref_=tt_urv"},
{"movie_url": "http://www.imdb.com/title/tt0107207/reviews?ref_=tt_urv"},
{"movie_url": "http://www.imdb.com/title/tt4430212/reviews?ref_=tt_urv"},
{"movie_url": "http://www.imdb.com/title/tt3011894/reviews?ref_=tt_urv"},
{"movie_url": "http://www.imdb.com/title/tt0033870/reviews?ref_=tt_urv"},
{"movie_url": "http://www.imdb.com/title/tt0053198/reviews?ref_=tt_urv"},
{"movie_url": "http://www.imdb.com/title/tt2024544/reviews?ref_=tt_urv"},
{"movie_url": "http://www.imdb.com/title/tt0052618/reviews?ref_=tt_urv"},
{"movie_url": "http://www.imdb.com/title/tt2278388/reviews?ref_=tt_urv"},
{"movie_url": "http://www.imdb.com/title/tt1392190/reviews?ref_=tt_urv"},
{"movie_url": "http://www.imdb.com/title/tt0405159/reviews?ref_=tt_urv"},
{"movie_url": "http://www.imdb.com/title/tt0060827/reviews?ref_=tt_urv"},
{"movie_url": "http://www.imdb.com/title/tt0245712/reviews?ref_=tt_urv"},
{"movie_url": "http://www.imdb.com/title/tt0093779/reviews?ref_=tt_urv"},
{"movie_url": "http://www.imdb.com/title/tt0107290/reviews?ref_=tt_urv"},
{"movie_url": "http://www.imdb.com/title/tt0353969/reviews?ref_=tt_urv"},
{"movie_url": "http://www.imdb.com/title/tt1028532/reviews?ref_=tt_urv"},
{"movie_url": "http://www.imdb.com/title/tt0079944/reviews?ref_=tt_urv"},
{"movie_url": "http://www.imdb.com/title/tt0087544/reviews?ref_=tt_urv"},
{"movie_url": "http://www.imdb.com/title/tt0120382/reviews?ref_=tt_urv"},
{"movie_url": "http://www.imdb.com/title/tt0074896/reviews?ref_=tt_urv"},
{"movie_url": "http://www.imdb.com/title/tt0032551/reviews?ref_=tt_urv"},
{"movie_url": "http://www.imdb.com/title/tt0112471/reviews?ref_=tt_urv"},
{"movie_url": "http://www.imdb.com/title/tt0083987/reviews?ref_=tt_urv"},
{"movie_url": "http://www.imdb.com/title/tt0075686/reviews?ref_=tt_urv"},
{"movie_url": "http://www.imdb.com/title/tt0052311/reviews?ref_=tt_urv"},
{"movie_url": "http://www.imdb.com/title/tt0075148/reviews?ref_=tt_urv"},
{"movie_url": "http://www.imdb.com/title/tt0440963/reviews?ref_=tt_urv"},
{"movie_url": "http://www.imdb.com/title/tt1639426/reviews?ref_=tt_urv"},
{"movie_url": "http://www.imdb.com/title/tt1201607/reviews?ref_=tt_urv"},
{"movie_url": "http://www.imdb.com/title/tt0046911/reviews?ref_=tt_urv"},
{"movie_url": "http://www.imdb.com/title/tt2948356/reviews?ref_=tt_urv"},
{"movie_url": "http://www.imdb.com/title/tt0246578/reviews?ref_=tt_urv"},
{"movie_url": "http://www.imdb.com/title/tt0198781/reviews?ref_=tt_urv"},
{"movie_url": "http://www.imdb.com/title/tt0056801/reviews?ref_=tt_urv"},
{"movie_url": "http://www.imdb.com/title/tt0032138/reviews?ref_=tt_urv"},
{"movie_url": "http://www.imdb.com/title/tt0088247/reviews?ref_=tt_urv"},
{"movie_url": "http://www.imdb.com/title/tt1392214/reviews?ref_=tt_urv"},
{"movie_url": "http://www.imdb.com/title/tt0107048/reviews?ref_=tt_urv"},
{"movie_url": "http://www.imdb.com/title/tt0114746/reviews?ref_=tt_urv"},
{"movie_url": "http://www.imdb.com/title/tt0073195/reviews?ref_=tt_urv"},
{"movie_url": "http://www.imdb.com/title/tt0871510/reviews?ref_=tt_urv"},
{"movie_url": "http://www.imdb.com/title/tt0113247/reviews?ref_=tt_urv"},
{"movie_url": "http://www.imdb.com/title/tt0264464/reviews?ref_=tt_urv"},
{"movie_url": "http://www.imdb.com/title/tt0338564/reviews?ref_=tt_urv"},
{"movie_url": "http://www.imdb.com/title/tt0072684/reviews?ref_=tt_urv"},
{"movie_url": "http://www.imdb.com/title/tt0044079/reviews?ref_=tt_urv"},
{"movie_url": "http://www.imdb.com/title/tt0036868/reviews?ref_=tt_urv"},
{"movie_url": "http://www.imdb.com/title/tt0401792/reviews?ref_=tt_urv"},
{"movie_url": "http://www.imdb.com/title/tt0058946/reviews?ref_=tt_urv"},
{"movie_url": "http://www.imdb.com/title/tt0041546/reviews?ref_=tt_urv"},
{"movie_url": "http://www.imdb.com/title/tt0072890/reviews?ref_=tt_urv"},
{"movie_url": "http://www.imdb.com/title/tt0325980/reviews?ref_=tt_urv"},
{"movie_url": "http://www.imdb.com/title/tt1454029/reviews?ref_=tt_urv"},
{"movie_url": "http://www.imdb.com/title/tt2084970/reviews?ref_=tt_urv"},
{"movie_url": "http://www.imdb.com/title/tt1220719/reviews?ref_=tt_urv"},
